INSERT INTO people (firstname,lastname,ismember) VALUES
('aurelio','anselmo',0),
('edward','muniz',0),
('mike','johnson',0),
('tony','caste',0),
('guy','rackley',0),
('mike','onerod',0),
('arya','stark',1),
('jaime','lanister',1),
('cersei','lanister',0),
('sandor','clegane',1),
('petyr','baelish',0),
('sansa','stark',1),
('gregor','clegane',1),
('brienne','tarth',1),
('daenerys','targaryen',1),
('jon','snow',1),
('tyrion','lanister',1),
('jorah','mormont',1),
('theon','greyjoy',1),
('samwell','tarly',1),
('night','king',1);

INSERT INTO `lake` (`lakename`,`state`,`city`) VALUES
('lake pleasant','arizona','phoenix'),
('bartlett lake','arizona','phoenix'),
('canyon lake','arizona','phoenix'),
('saguaro lake','arizona','phoenix'),
('lake havasu','arizona','lake havasu city'),
('lake mead','nevada','las vegas');

INSERT INTO `tournament` (`tournament_date`,`starttime`,`endtime`,`lake_id`) VALUES
('2019/01/16','06:00:00','16:00:00',1),
('2019/02/24','06:00:00','16:00:00',2),
('2019/03/14','06:00:00','16:00:00',3),
('2019/04/04','06:00:00','16:00:00',4),
('2019/05/20','06:00:00','16:00:00',5),
('2019/06/15','06:00:00','16:00:00',6);

INSERT INTO fish (weight,upload_date) VALUES
(09.65,'2019/01/16'),
(01.11,'2019/01/16'),
(02.66,'2019/01/16'),
(03.75,'2019/01/16'),
(03.76,'2019/01/16'),
(05.55,'2019/01/16'),
(05.99,'2019/01/16'),
(09.00,'2019/01/16'),
(00.55,'2019/01/16'),
(00.99,'2019/01/16'),
(08.23,'2019/01/16'),
(03.22,'2019/01/16'),
(09.64,'2019/01/16'),
(11.23,'2019/02/24'),
(02.55,'2019/02/24'),
(02.35,'2019/02/24'),
(02.00,'2019/02/24'),
(02.54,'2019/02/24'),
(01.32,'2019/02/24'),
(01.52,'2019/02/24'),
(01.99,'2019/02/24'),
(04.65,'2019/02/24'),
(03.33,'2019/02/24'),
(03.99,'2019/02/24'),
(07.12,'2019/02/24'),
(08.12,'2019/02/24'),
(05.66,'2019/03/14'),
(00.16,'2019/03/14'),
(00.36,'2019/03/14'),
(04.65,'2019/03/14'),
(02.69,'2019/03/14'),
(00.99,'2019/03/14'),
(01.54,'2019/03/14'),
(01.89,'2019/03/14'),
(04.48,'2019/03/14'),
(04.00,'2019/03/14'),
(03.45,'2019/03/14'),
(00.87,'2019/03/14'),
(07.00,'2019/03/14'),
(10.50,'2019/04/04'),
(04.65,'2019/04/04'),
(02.32,'2019/04/04'),
(01.23,'2019/04/04'),
(01.44,'2019/04/04'),
(01.59,'2019/04/04'),
(01.99,'2019/04/04'),
(05.13,'2019/04/04'),
(07.65,'2019/04/04'),
(04.65,'2019/04/04'),
(00.11,'2019/04/04'),
(07.98,'2019/04/04'),
(08.75,'2019/04/04'),
(08.45,'2019/05/20'),
(02.56,'2019/05/20'),
(02.11,'2019/05/20'),
(02.99,'2019/05/20'),
(03.11,'2019/05/20'),
(03.32,'2019/05/20'),
(04.12,'2019/05/20'),
(03.99,'2019/05/20'),
(04.87,'2019/05/20'),
(04.88,'2019/05/20'),
(04.21,'2019/05/20'),
(07.33,'2019/05/20'),
(08.43,'2019/05/20'),
(13.13,'2019/06/15'),
(01.69,'2019/06/15'),
(02.22,'2019/06/15'),
(02.10,'2019/06/15'),
(01.54,'2019/06/15'),
(01.38,'2019/06/15'),
(02.19,'2019/06/15'),
(04.51,'2019/06/15'),
(00.00,'2019/06/15'),
(00.84,'2019/06/15'),
(00.55,'2019/06/15'),
(9.99,'2019/06/15'),
(11.45,'2019/06/15');

INSERT INTO people_tournament_fish (admin_id,participant_id,tournament_id,fish_id) VALUES
(1,7,1,1),
(2,8,1,2),
(3,10,1,3),
(4,12,1,4),
(5,13,1,5),
(6,14,1,6),
(1,15,1,7),
(2,16,1,8),
(3,17,1,9),
(4,18,1,10),
(5,19,1,11),
(6,20,1,12),
(1,21,1,13),
(1,7,2,14),
(2,8,2,15),
(3,10,2,16),
(4,12,2,17),
(5,13,2,18),
(6,14,2,19),
(1,15,2,20),
(2,16,2,21),
(3,17,2,22),
(4,18,2,23),
(5,19,2,24),
(6,20,2,25),
(1,21,2,26),
(1,7,3,27),
(2,8,3,28),
(3,10,3,29),
(4,12,3,30),
(5,13,3,31),
(6,14,3,32),
(1,15,3,33),
(2,16,3,34),
(3,17,3,35),
(4,18,3,36),
(5,19,3,37),
(6,20,3,38),
(1,21,3,39),
(1,7,4,40),
(2,8,4,41),
(3,10,4,42),
(4,12,4,43),
(5,13,4,44),
(6,14,4,45),
(1,15,4,46),
(2,16,4,47),
(3,17,4,48),
(4,18,4,49),
(5,19,4,50),
(6,20,4,51),
(1,21,4,52),
(1,7,5,53),
(2,8,5,54),
(3,10,5,55),
(4,12,5,56),
(5,13,5,57),
(6,14,5,58),
(1,15,5,59),
(2,16,5,60),
(3,17,5,61),
(4,18,5,62),
(5,19,5,63),
(6,20,5,64),
(1,21,5,65),
(1,7,6,66),
(2,8,6,67),
(3,10,6,68),
(4,12,6,69),
(5,13,6,70),
(6,14,6,71),
(1,15,6,72),
(2,16,6,73),
(3,17,6,74),
(4,18,6,75),
(5,19,6,76),
(6,20,6,77),
(1,21,6,78);

INSERT INTO payment (paid_for_tournament,membership_paid,participant_id,tournament_id) VALUES
(1,1,7,1),
(1,1,8,1),
(0,0,9,1),
(1,1,10,1),
(0,0,11,1),
(1,1,12,1),
(1,1,13,1),
(1,1,14,1),
(1,1,15,1),
(1,1,16,1),
(1,1,17,1),
(1,1,18,1),
(1,1,19,1),
(1,1,20,1),
(1,1,21,1),
(1,1,7,2),
(1,1,8,2),
(0,0,9,2),
(1,1,10,2),
(0,0,11,2),
(1,1,12,2),
(1,1,13,2),
(1,1,14,2),
(1,1,15,2),
(1,1,16,2),
(1,1,17,2),
(1,1,18,2),
(1,1,19,2),
(1,1,20,2),
(1,1,21,2),
(1,1,7,3),
(1,1,8,3),
(0,0,9,3),
(1,1,10,3),
(0,0,11,3),
(1,1,12,3),
(1,1,13,3),
(1,1,14,3),
(1,1,15,3),
(1,1,16,3),
(1,1,17,3),
(1,1,18,3),
(1,1,19,3),
(1,1,20,3),
(1,1,21,3),
(1,1,7,4),
(1,1,8,4),
(0,0,9,4),
(1,1,10,4),
(0,0,11,4),
(1,1,12,4),
(1,1,13,4),
(1,1,14,4),
(1,1,15,4),
(1,1,16,4),
(1,1,17,4),
(1,1,18,4),
(1,1,19,4),
(1,1,20,4),
(1,1,21,4),
(1,1,7,5),
(1,1,8,5),
(0,0,9,5),
(1,1,10,5),
(0,0,11,5),
(1,1,12,5),
(1,1,13,5),
(1,1,14,5),
(1,1,15,5),
(1,1,16,5),
(1,1,17,5),
(1,1,18,5),
(1,1,19,5),
(1,1,20,5),
(1,1,21,5),
(1,1,7,6),
(1,1,8,6),
(0,0,9,6),
(1,1,10,6),
(0,0,11,6),
(1,1,12,6),
(1,1,13,6),
(1,1,14,6),
(1,1,15,6),
(1,1,16,6),
(1,1,17,6),
(1,1,18,6),
(1,1,19,6),
(1,1,20,6),
(1,1,21,6);

INSERT INTO results (Tournament_id,people_id,winner) VALUES
(1,7,'1st place'),
(2,7,'1st place'),
(3,21,'1st place'),
(4,7,'1st place'),
(5,7,'1st place'),
(6,7,'1st place');
